1,Tree Seminary,WashSuburbia
2,Tree Seminary,WashSuburbia
3,Tree Seminary,WashSuburbia
4,Tree Seminary,WashSuburbia
5,Tree Seminary,WashSuburbia
6,Tree Seminary,WashSuburbia
7,Tree Seminary,WashSuburbia
9,Tree Seminary,WashSuburbia
8,Tree Seminary,WashSuburbia
9,Tree Seminary,WashSuburbia
10,Tree Seminary,WashSuburbia
11,Tree Seminary,WashSuburbia
12,Tree Seminary,WashSuburbia
1,Village School,ChiTown
2,Village School,ChiTown
3,Village School,ChiTown
4,Village School,ChiTown
5,Village School,ChiTown
6,Village School,ChiTown
7,Village School,ChiTown
9,Village School,ChiTown
8,Village School,ChiTown
9,Village School,ChiTown
10,Village School,ChiTown
11,Village School,ChiTown
12,Village School,ChiTown
1,Rock Seminary,GreenVillage
2,Rock Seminary,GreenVillage
3,Rock Seminary,GreenVillage
4,Rock Seminary,GreenVillage
5,Rock Seminary,GreenVillage
6,Rock College,GreenVillage
7,Rock College,GreenVillage
8,Rock College,GreenVillage
9,Rock College,GreenVillage
